[
{
    "model": "admin.logentry",
    "pk": 1,
    "fields": {
        "action_time": "2021-12-13T17:56:30.201Z",
        "user": 1,
        "content_type": 6,
        "object_id": "2",
        "object_repr": "anotheruser",
        "action_flag": 1,
        "change_message": "[{\"added\": {}}]"
    }
},
{
    "model": "admin.logentry",
    "pk": 2,
    "fields": {
        "action_time": "2021-12-13T17:57:15.660Z",
        "user": 1,
        "content_type": 6,
        "object_id": "3",
        "object_repr": "someuser",
        "action_flag": 1,
        "change_message": "[{\"added\": {}}]"
    }
},
{
    "model": "admin.logentry",
    "pk": 3,
    "fields": {
        "action_time": "2021-12-13T17:58:06.163Z",
        "user": 1,
        "content_type": 7,
        "object_id": "1",
        "object_repr": "Message object (1)",
        "action_flag": 1,
        "change_message": "[{\"added\": {}}]"
    }
},
{
    "model": "admin.logentry",
    "pk": 4,
    "fields": {
        "action_time": "2021-12-13T17:58:30.774Z",
        "user": 1,
        "content_type": 7,
        "object_id": "2",
        "object_repr": "Message object (2)",
        "action_flag": 1,
        "change_message": "[{\"added\": {}}]"
    }
},
{
    "model": "admin.logentry",
    "pk": 5,
    "fields": {
        "action_time": "2021-12-13T17:58:43.976Z",
        "user": 1,
        "content_type": 7,
        "object_id": "3",
        "object_repr": "Message object (3)",
        "action_flag": 1,
        "change_message": "[{\"added\": {}}]"
    }
},
{
    "model": "admin.logentry",
    "pk": 6,
    "fields": {
        "action_time": "2021-12-13T17:59:02.935Z",
        "user": 1,
        "content_type": 7,
        "object_id": "4",
        "object_repr": "Message object (4)",
        "action_flag": 1,
        "change_message": "[{\"added\": {}}]"
    }
},
{
    "model": "admin.logentry",
    "pk": 7,
    "fields": {
        "action_time": "2021-12-13T17:59:30.319Z",
        "user": 1,
        "content_type": 7,
        "object_id": "5",
        "object_repr": "Message object (5)",
        "action_flag": 1,
        "change_message": "[{\"added\": {}}]"
    }
},
{
    "model": "admin.logentry",
    "pk": 8,
    "fields": {
        "action_time": "2021-12-13T17:59:44.335Z",
        "user": 1,
        "content_type": 7,
        "object_id": "6",
        "object_repr": "Message object (6)",
        "action_flag": 1,
        "change_message": "[{\"added\": {}}]"
    }
},
{
    "model": "admin.logentry",
    "pk": 9,
    "fields": {
        "action_time": "2021-12-13T18:00:01.074Z",
        "user": 1,
        "content_type": 7,
        "object_id": "7",
        "object_repr": "Message object (7)",
        "action_flag": 1,
        "change_message": "[{\"added\": {}}]"
    }
},
{
    "model": "admin.logentry",
    "pk": 10,
    "fields": {
        "action_time": "2021-12-13T18:00:17.256Z",
        "user": 1,
        "content_type": 7,
        "object_id": "8",
        "object_repr": "Message object (8)",
        "action_flag": 1,
        "change_message": "[{\"added\": {}}]"
    }
},
{
    "model": "admin.logentry",
    "pk": 11,
    "fields": {
        "action_time": "2021-12-13T19:45:39.796Z",
        "user": 1,
        "content_type": 7,
        "object_id": "1",
        "object_repr": "Agaricus texensis",
        "action_flag": 1,
        "change_message": "[{\"added\": {}}]"
    }
},
{
    "model": "admin.logentry",
    "pk": 12,
    "fields": {
        "action_time": "2021-12-13T19:48:46.904Z",
        "user": 1,
        "content_type": 7,
        "object_id": "1",
        "object_repr": "Agaricus texensis",
        "action_flag": 2,
        "change_message": "[{\"changed\": {\"fields\": [\"Picture\"]}}]"
    }
},
{
    "model": "admin.logentry",
    "pk": 13,
    "fields": {
        "action_time": "2021-12-13T19:50:15.922Z",
        "user": 1,
        "content_type": 7,
        "object_id": "1",
        "object_repr": "Agaricus texensis",
        "action_flag": 2,
        "change_message": "[{\"changed\": {\"fields\": [\"Picture\"]}}]"
    }
},
{
    "model": "admin.logentry",
    "pk": 14,
    "fields": {
        "action_time": "2021-12-13T19:54:59.491Z",
        "user": 1,
        "content_type": 7,
        "object_id": "2",
        "object_repr": "Amanita abrupta",
        "action_flag": 1,
        "change_message": "[{\"added\": {}}]"
    }
},
{
    "model": "admin.logentry",
    "pk": 15,
    "fields": {
        "action_time": "2021-12-13T19:56:34.166Z",
        "user": 1,
        "content_type": 7,
        "object_id": "3",
        "object_repr": "Lactarius subflammeus",
        "action_flag": 1,
        "change_message": "[{\"added\": {}}]"
    }
},
{
    "model": "admin.logentry",
    "pk": 16,
    "fields": {
        "action_time": "2021-12-13T19:57:49.100Z",
        "user": 1,
        "content_type": 7,
        "object_id": "4",
        "object_repr": "Omphalotus nidiformis",
        "action_flag": 1,
        "change_message": "[{\"added\": {}}]"
    }
},
{
    "model": "admin.logentry",
    "pk": 17,
    "fields": {
        "action_time": "2021-12-13T19:58:55.686Z",
        "user": 1,
        "content_type": 7,
        "object_id": "5",
        "object_repr": "Pseudocolus fusiformis",
        "action_flag": 1,
        "change_message": "[{\"added\": {}}]"
    }
},
{
    "model": "admin.logentry",
    "pk": 18,
    "fields": {
        "action_time": "2021-12-13T19:59:46.269Z",
        "user": 1,
        "content_type": 7,
        "object_id": "6",
        "object_repr": "Coprinellus impatiens",
        "action_flag": 1,
        "change_message": "[{\"added\": {}}]"
    }
},
{
    "model": "admin.logentry",
    "pk": 19,
    "fields": {
        "action_time": "2021-12-13T20:00:26.415Z",
        "user": 1,
        "content_type": 7,
        "object_id": "5",
        "object_repr": "Pseudocolus fusiformis",
        "action_flag": 2,
        "change_message": "[{\"changed\": {\"fields\": [\"Geom\"]}}]"
    }
},
{
    "model": "admin.logentry",
    "pk": 20,
    "fields": {
        "action_time": "2021-12-13T20:43:00.485Z",
        "user": 1,
        "content_type": 7,
        "object_id": "6",
        "object_repr": "Coprinellus impatiens",
        "action_flag": 2,
        "change_message": "[{\"changed\": {\"fields\": [\"Description\"]}}]"
    }
},
{
    "model": "admin.logentry",
    "pk": 21,
    "fields": {
        "action_time": "2021-12-13T20:43:12.872Z",
        "user": 1,
        "content_type": 7,
        "object_id": "5",
        "object_repr": "Pseudocolus fusiformis",
        "action_flag": 2,
        "change_message": "[{\"changed\": {\"fields\": [\"Description\"]}}]"
    }
},
{
    "model": "admin.logentry",
    "pk": 22,
    "fields": {
        "action_time": "2021-12-13T20:43:20.294Z",
        "user": 1,
        "content_type": 7,
        "object_id": "4",
        "object_repr": "Omphalotus nidiformis",
        "action_flag": 2,
        "change_message": "[{\"changed\": {\"fields\": [\"Description\"]}}]"
    }
},
{
    "model": "admin.logentry",
    "pk": 23,
    "fields": {
        "action_time": "2021-12-13T20:43:31.455Z",
        "user": 1,
        "content_type": 7,
        "object_id": "3",
        "object_repr": "Lactarius subflammeus",
        "action_flag": 2,
        "change_message": "[{\"changed\": {\"fields\": [\"Description\"]}}]"
    }
},
{
    "model": "admin.logentry",
    "pk": 24,
    "fields": {
        "action_time": "2021-12-13T20:43:37.179Z",
        "user": 1,
        "content_type": 7,
        "object_id": "2",
        "object_repr": "Amanita abrupta",
        "action_flag": 2,
        "change_message": "[{\"changed\": {\"fields\": [\"Description\"]}}]"
    }
},
{
    "model": "admin.logentry",
    "pk": 25,
    "fields": {
        "action_time": "2021-12-13T20:43:43.118Z",
        "user": 1,
        "content_type": 7,
        "object_id": "1",
        "object_repr": "Agaricus texensis",
        "action_flag": 2,
        "change_message": "[{\"changed\": {\"fields\": [\"Description\"]}}]"
    }
},
{
    "model": "auth.permission",
    "pk": 1,
    "fields": {
        "name": "Can add log entry",
        "content_type": 1,
        "codename": "add_logentry"
    }
},
{
    "model": "auth.permission",
    "pk": 2,
    "fields": {
        "name": "Can change log entry",
        "content_type": 1,
        "codename": "change_logentry"
    }
},
{
    "model": "auth.permission",
    "pk": 3,
    "fields": {
        "name": "Can delete log entry",
        "content_type": 1,
        "codename": "delete_logentry"
    }
},
{
    "model": "auth.permission",
    "pk": 4,
    "fields": {
        "name": "Can view log entry",
        "content_type": 1,
        "codename": "view_logentry"
    }
},
{
    "model": "auth.permission",
    "pk": 5,
    "fields": {
        "name": "Can add permission",
        "content_type": 2,
        "codename": "add_permission"
    }
},
{
    "model": "auth.permission",
    "pk": 6,
    "fields": {
        "name": "Can change permission",
        "content_type": 2,
        "codename": "change_permission"
    }
},
{
    "model": "auth.permission",
    "pk": 7,
    "fields": {
        "name": "Can delete permission",
        "content_type": 2,
        "codename": "delete_permission"
    }
},
{
    "model": "auth.permission",
    "pk": 8,
    "fields": {
        "name": "Can view permission",
        "content_type": 2,
        "codename": "view_permission"
    }
},
{
    "model": "auth.permission",
    "pk": 9,
    "fields": {
        "name": "Can add group",
        "content_type": 3,
        "codename": "add_group"
    }
},
{
    "model": "auth.permission",
    "pk": 10,
    "fields": {
        "name": "Can change group",
        "content_type": 3,
        "codename": "change_group"
    }
},
{
    "model": "auth.permission",
    "pk": 11,
    "fields": {
        "name": "Can delete group",
        "content_type": 3,
        "codename": "delete_group"
    }
},
{
    "model": "auth.permission",
    "pk": 12,
    "fields": {
        "name": "Can view group",
        "content_type": 3,
        "codename": "view_group"
    }
},
{
    "model": "auth.permission",
    "pk": 13,
    "fields": {
        "name": "Can add content type",
        "content_type": 4,
        "codename": "add_contenttype"
    }
},
{
    "model": "auth.permission",
    "pk": 14,
    "fields": {
        "name": "Can change content type",
        "content_type": 4,
        "codename": "change_contenttype"
    }
},
{
    "model": "auth.permission",
    "pk": 15,
    "fields": {
        "name": "Can delete content type",
        "content_type": 4,
        "codename": "delete_contenttype"
    }
},
{
    "model": "auth.permission",
    "pk": 16,
    "fields": {
        "name": "Can view content type",
        "content_type": 4,
        "codename": "view_contenttype"
    }
},
{
    "model": "auth.permission",
    "pk": 17,
    "fields": {
        "name": "Can add session",
        "content_type": 5,
        "codename": "add_session"
    }
},
{
    "model": "auth.permission",
    "pk": 18,
    "fields": {
        "name": "Can change session",
        "content_type": 5,
        "codename": "change_session"
    }
},
{
    "model": "auth.permission",
    "pk": 19,
    "fields": {
        "name": "Can delete session",
        "content_type": 5,
        "codename": "delete_session"
    }
},
{
    "model": "auth.permission",
    "pk": 20,
    "fields": {
        "name": "Can view session",
        "content_type": 5,
        "codename": "view_session"
    }
},
{
    "model": "auth.permission",
    "pk": 21,
    "fields": {
        "name": "Can add user",
        "content_type": 6,
        "codename": "add_user"
    }
},
{
    "model": "auth.permission",
    "pk": 22,
    "fields": {
        "name": "Can change user",
        "content_type": 6,
        "codename": "change_user"
    }
},
{
    "model": "auth.permission",
    "pk": 23,
    "fields": {
        "name": "Can delete user",
        "content_type": 6,
        "codename": "delete_user"
    }
},
{
    "model": "auth.permission",
    "pk": 24,
    "fields": {
        "name": "Can view user",
        "content_type": 6,
        "codename": "view_user"
    }
},
{
    "model": "auth.permission",
    "pk": 25,
    "fields": {
        "name": "Can add message",
        "content_type": 7,
        "codename": "add_message"
    }
},
{
    "model": "auth.permission",
    "pk": 26,
    "fields": {
        "name": "Can change message",
        "content_type": 7,
        "codename": "change_message"
    }
},
{
    "model": "auth.permission",
    "pk": 27,
    "fields": {
        "name": "Can delete message",
        "content_type": 7,
        "codename": "delete_message"
    }
},
{
    "model": "auth.permission",
    "pk": 28,
    "fields": {
        "name": "Can view message",
        "content_type": 7,
        "codename": "view_message"
    }
},
{
    "model": "auth.permission",
    "pk": 29,
    "fields": {
        "name": "Can add message",
        "content_type": 8,
        "codename": "add_message"
    }
},
{
    "model": "auth.permission",
    "pk": 30,
    "fields": {
        "name": "Can change message",
        "content_type": 8,
        "codename": "change_message"
    }
},
{
    "model": "auth.permission",
    "pk": 31,
    "fields": {
        "name": "Can delete message",
        "content_type": 8,
        "codename": "delete_message"
    }
},
{
    "model": "auth.permission",
    "pk": 32,
    "fields": {
        "name": "Can view message",
        "content_type": 8,
        "codename": "view_message"
    }
},
{
    "model": "sessions.session",
    "pk": "a0c6zmry2hyjotfqy6jgc57ewfdmhvup",
    "fields": {
        "session_data": ".eJxVjDsOwyAQBe9CHSH-ZlOm9xnQwkLsJALJ2FWUu0dILpL2zcx7s4DHvoSj5y2sxK5MssvvFjE9cx2AHljvjadW922NfCj8pJ3PjfLrdrp_Bwv2ZdQ-SQBhp2S0QwMlUXSqeJh0KWiLBJIE5LU1ImcNArLV6MCrqSgHjn2-4aA3dw:1mwpXq:YA7ay6-0ErRvCUypJrwcG07uer6urN52nsS24neCC-c",
        "expire_date": "2021-12-27T17:55:26.109Z"
    }
},
{
    "model": "users.user",
    "pk": 1,
    "fields": {
        "password": "pbkdf2_sha256$216000$eLYoMoWpaZiw$TFL2TwA2jpujR37VP6aZz+lDH1DwG7fny9/oEF/RHIE=",
        "last_login": "2021-12-13T17:55:26.106Z",
        "is_superuser": true,
        "username": "user",
        "first_name": "",
        "last_name": "",
        "email": "user@site.com",
        "is_staff": true,
        "is_active": true,
        "date_joined": "2021-12-13T17:55:05.754Z",
        "setting_one": false,
        "setting_two": false,
        "setting_three": false,
        "setting_four": false,
        "groups": [],
        "user_permissions": []
    }
},
{
    "model": "users.user",
    "pk": 2,
    "fields": {
        "password": "pass",
        "last_login": null,
        "is_superuser": false,
        "username": "anotheruser",
        "first_name": "Bill",
        "last_name": "Mathews",
        "email": "billmatthews@mysite.com",
        "is_staff": false,
        "is_active": true,
        "date_joined": "2021-12-13T17:55:52Z",
        "setting_one": false,
        "setting_two": false,
        "setting_three": false,
        "setting_four": false,
        "groups": [],
        "user_permissions": []
    }
},
{
    "model": "users.user",
    "pk": 3,
    "fields": {
        "password": "pass",
        "last_login": null,
        "is_superuser": false,
        "username": "someuser",
        "first_name": "Meadow",
        "last_name": "Smith",
        "email": "msmith@mysite.com",
        "is_staff": false,
        "is_active": true,
        "date_joined": "2021-12-13T17:56:33Z",
        "setting_one": false,
        "setting_two": false,
        "setting_three": false,
        "setting_four": false,
        "groups": [],
        "user_permissions": []
    }
},
{
    "model": "maps.mushroomspot",
    "pk": 1,
    "fields": {
        "title": "Agaricus texensis",
        "description": "Agaricus texensis, commonly known...",
        "picture": "1024px-Agaricus_deserticola_65791.jpg",
        "geom": "{\"type\": \"Polygon\", \"coordinates\": [[[-118.916016, 34.597042], [-110.302734, 35.38905], [-105.820313, 34.379713], [-105.996094, 31.952162], [-110.478516, 30.977609], [-116.630859, 31.128199], [-118.916016, 34.597042]]]}"
    }
},
{
    "model": "maps.mushroomspot",
    "pk": 2,
    "fields": {
        "title": "Amanita abrupta",
        "description": "Amanita abrupta, commonly...",
        "picture": "800px-Amanita_abrupta_54083.jpg",
        "geom": "{\"type\": \"Polygon\", \"coordinates\": [[[-80.771484, 31.578535], [-78.134766, 33.504759], [-75.410156, 34.741612], [-74.970703, 37.370157], [-74.179688, 39.164141], [-73.740234, 40.446947], [-76.201172, 39.909736], [-78.134766, 37.160317], [-77.519531, 35.88905], [-81.386719, 34.089061], [-84.814453, 33.578015], [-83.144531, 30.600094], [-80.771484, 31.578535]]]}"
    }
},
{
    "model": "maps.mushroomspot",
    "pk": 3,
    "fields": {
        "title": "Lactarius subflammeus",
        "description": "Lactarius subflammeus, commonly known...",
        "picture": "1280px-Lactarius_subflammeus_128893.jpg",
        "geom": "{\"type\": \"Polygon\", \"coordinates\": [[[-124.980469, 48.341646], [-123.222656, 48.341646], [-121.992188, 47.576526], [-122.431641, 46.255847], [-121.113281, 45.336702], [-122.871094, 42.423457], [-125.244141, 42.228517], [-125.419922, 45.706179], [-124.277344, 46.55886], [-124.980469, 48.341646]]]}"
    }
},
{
    "model": "maps.mushroomspot",
    "pk": 4,
    "fields": {
        "title": "Omphalotus nidiformis",
        "description": "Omphalotus nidiformis, or ghost fungus...",
        "picture": "1024px-Omphalotus_nidiformis_Binnamittalong_2_email.jpg",
        "geom": "{\"type\": \"Polygon\", \"coordinates\": [[[135, -34.379713], [138.779297, -32.249974], [142.119141, -33.870416], [145.634766, -35.960223], [148.359375, -36.102376], [149.853516, -37.579413], [147.304688, -38.754083], [148.535156, -40.446947], [147.041016, -40.178873], [145.019531, -38.61687], [143.085938, -39.164141], [139.921875, -38.548165], [138.955078, -36.738884], [138.867188, -35.675147], [137.197266, -36.597889], [135.351563, -35.675147], [135, -34.379713]]]}"
    }
},
{
    "model": "maps.mushroomspot",
    "pk": 5,
    "fields": {
        "title": "Pseudocolus fusiformis",
        "description": "Pseudocolus fusiformis is a stinkhorn...",
        "picture": "1280px-Pseudocolus_fusiformis_423862.jpg",
        "geom": "{\"type\": \"Polygon\", \"coordinates\": [[[-229.21875, 33.137551], [-229.21875, 44.590467], [-116.015625, 44.590467], [-116.015625, 33.137551], [-229.21875, 33.137551]]]}"
    }
},
{
    "model": "maps.mushroomspot",
    "pk": 6,
    "fields": {
        "title": "Coprinellus impatiens",
        "description": "Coprinellus impatiens is a species of fungus...",
        "picture": "1280px-Coprinellus_impatiens_594720.jpg",
        "geom": "{\"type\": \"Polygon\", \"coordinates\": [[[-85.78125, 39.909736], [-85.78125, 54.162434], [16.875, 54.162434], [16.875, 39.909736], [-85.78125, 39.909736]]]}"
    }
},
{
    "model": "messaging.message",
    "pk": 1,
    "fields": {
        "from_user": 2,
        "to_user": 1,
        "title": "Here's an initial message",
        "body": "Donec mollis pharetra vulputate. Donec porttitor nibh vel arcu laoreet molestie. Nulla sodales, purus eget ullamcorper imperdiet, arcu mauris aliquet leo, quis consectetur est elit a mi. Praesent sed ligula at purus accumsan efficitur ac ac nulla. Nam fringilla, arcu a viverra sodales, sem libero volutpat eros, quis pulvinar augue turpis eget sapien. In fermentum tellus tortor, eget lobortis metus euismod in. Nam a odio at lorem elementum maximus. Vivamus ut efficitur risus. Phasellus scelerisque ipsum ac sagittis auctor. Maecenas nec sagittis mauris, a tristique tellus. Sed in vulputate turpis. Lorem ipsum dolor sit amet, consectetur adipiscing elit. Duis libero sem, posuere at velit et, cursus sodales risus. Cras sit amet sagittis libero, at molestie orci. Phasellus bibendum orci quis justo auctor consectetur. Nam sollicitudin urna a lectus commodo ornare.",
        "read_at": null
    }
},
{
    "model": "messaging.message",
    "pk": 2,
    "fields": {
        "from_user": 3,
        "to_user": 1,
        "title": "This is a message for you!",
        "body": "Nulla egestas, nulla vitae varius gravida, tortor diam tristique est, eget ornare mauris diam quis arcu. Nunc purus massa, feugiat lacinia lectus non, tristique eleifend ex. Etiam lobortis tortor quis nisl pretium sollicitudin. Praesent sodales, massa id vestibulum blandit, nunc massa malesuada nibh, sit amet placerat nulla massa non arcu. Suspendisse vitae purus ornare, pellentesque ligula eget, viverra nibh. Morbi at nisl in turpis vehicula convallis. Quisque vel tincidunt neque, sit amet tempor augue. Nulla tortor nisi, cursus quis urna consequat, ultrices convallis libero. Nulla mauris mauris, efficitur vel suscipit id, auctor a mi. Ut vel ex urna.",
        "read_at": null
    }
},
{
    "model": "messaging.message",
    "pk": 3,
    "fields": {
        "from_user": 2,
        "to_user": 1,
        "title": "Important!",
        "body": "Mauris feugiat orci dolor, at tempor eros consequat non. Morbi pulvinar mauris at maximus lobortis. Vivamus pellentesque pellentesque ornare. Pellentesque habitant morbi tristique senectus et netus et malesuada fames ac turpis egestas. In at turpis ultricies, venenatis lectus porttitor, sagittis enim. Vestibulum eget ex lectus. Phasellus eget mauris faucibus, tincidunt felis in, viverra augue. Maecenas ligula dui, finibus non sodales nec, luctus nec urna. Vestibulum tincidunt dictum justo, sed auctor leo mattis vitae. Integer eleifend libero augue, ut volutpat magna blandit laoreet. Morbi iaculis molestie sollicitudin. Vestibulum dapibus viverra justo, sit amet bibendum ante sodales fermentum. Curabitur nibh lectus, varius at tortor et, maximus consequat erat. Sed facilisis convallis felis laoreet facilisis. Vestibulum fermentum pharetra mollis. Nulla rutrum sagittis lectus, in cursus mauris vehicula luctus.",
        "read_at": null
    }
},
{
    "model": "messaging.message",
    "pk": 4,
    "fields": {
        "from_user": 2,
        "to_user": 1,
        "title": "About Monday...",
        "body": "Pellentesque habitant morbi tristique senectus et netus et malesuada fames ac turpis egestas. Integer vel est convallis, gravida nulla ut, varius dolor. Morbi sagittis bibendum neque, vel mollis erat molestie efficitur. Nam blandit erat eleifend varius tincidunt. Ut lobortis dolor ligula. Quisque maximus magna sapien, ut varius diam hendrerit id. Praesent scelerisque semper vehicula. Maecenas eget urna eleifend, auctor arcu eget, tempor ante. Cras euismod pretium orci, sed facilisis ligula imperdiet a. Phasellus consectetur feugiat orci vitae dignissim. Vivamus posuere nunc dictum mi viverra, a ultricies massa consequat. Vestibulum id purus eget risus dapibus pharetra. Suspendisse potenti. In cursus magna vitae enim convallis euismod. Morbi aliquam velit non urna elementum consectetur.",
        "read_at": null
    }
},
{
    "model": "messaging.message",
    "pk": 5,
    "fields": {
        "from_user": 2,
        "to_user": 1,
        "title": "One more thing to consider",
        "body": "Cras varius eros non purus posuere, at tempor erat vestibulum. Vestibulum libero erat, rhoncus at magna nec, pulvinar rutrum velit. Duis volutpat diam sit amet sem elementum, non pellentesque metus volutpat. Praesent dapibus porttitor mattis. Quisque quam odio, aliquam vitae tempor non, pellentesque a turpis. Pellentesque convallis nulla quis sem cursus, eu tempor tellus sollicitudin. Duis vel dignissim nisl, nec faucibus est. Integer egestas tortor id massa sollicitudin, id iaculis nulla interdum. Mauris ac quam vel augue dapibus consectetur. Sed bibendum orci id mi vulputate lobortis. Nulla ut fermentum dolor, ac tempor mi. Fusce pretium sagittis dignissim. Aenean mattis mattis felis, sit amet rhoncus ex placerat ac. Maecenas bibendum, turpis a aliquam sollicitudin, ex velit pellentesque ex, fermentum sollicitudin nisi lacus id nulla. In quis nisi posuere, tempus ligula nec, tincidunt justo.",
        "read_at": null
    }
},
{
    "model": "messaging.message",
    "pk": 6,
    "fields": {
        "from_user": 3,
        "to_user": 1,
        "title": "Are you up?",
        "body": "In libero dui, pharetra at nulla aliquet, dictum pulvinar mi. Donec est diam, scelerisque at est vel, iaculis sodales augue. Etiam mollis semper velit, ac vulputate enim finibus quis. Aenean tempus elit non diam mattis condimentum. Nam ornare fermentum arcu id sodales. Nulla elementum et sem eget eleifend. Etiam fringilla justo eget nunc euismod, id tincidunt diam semper. Sed fermentum tellus ac sem vulputate sagittis.",
        "read_at": null
    }
},
{
    "model": "messaging.message",
    "pk": 7,
    "fields": {
        "from_user": 3,
        "to_user": 1,
        "title": "Production settings",
        "body": "Aenean eget aliquam magna. Sed volutpat massa nunc, ac facilisis metus ornare et. Donec et diam condimentum, vulputate purus vitae, consequat turpis. Suspendisse eleifend consectetur felis et placerat. Morbi a sodales nulla. Aenean porta lacinia leo, dictum dictum mauris elementum ut. Nam nulla tortor, vehicula eget ante eleifend, dapibus finibus urna. Donec quis mi neque. Sed quis iaculis nisl. Vivamus commodo risus vitae ex convallis egestas. Maecenas dapibus massa non est pharetra pharetra. Vestibulum lectus urna, consectetur congue ornare at, facilisis ac ligula.",
        "read_at": null
    }
},
{
    "model": "messaging.message",
    "pk": 8,
    "fields": {
        "from_user": 3,
        "to_user": 1,
        "title": "Potluck details",
        "body": "Phasellus volutpat libero et eleifend commodo. Duis commodo purus arcu, vitae egestas dolor pretium eget. Mauris vitae pharetra tellus, ac venenatis lectus. Proin at sem vitae orci mattis accumsan sed sed ex. Cras vehicula sit amet augue at sodales. Maecenas fringilla risus vel velit lacinia, non vehicula ex eleifend. Duis sodales tincidunt aliquam. Aenean non feugiat leo.",
        "read_at": null
    }
}
]
